{"cameraMode":{"drawMode":0,"name":"Shaded","section":"Shading Mode"},"sceneLighting":true,"audioPlay":false,"sceneViewState":{"m_AlwaysRefresh":false,"showFog":true,"showSkybox":true,"showFlares":true,"showImageEffects":true,"showParticleSystems":true,"showVisualEffectGraphs":true,"m_FxEnabled":true},"in2DMode":false,"pivot":{"x":-206.96929931640626,"y":-253.45980834960938,"z":175.8168182373047},"rotation":{"x":0.32821205258369448,"y":-0.39504849910736086,"z":0.15360212326049806,"w":0.8441924452781677},"size":197.8143768310547,"orthographic":false}