{"cameraMode":{"drawMode":0,"name":"Shaded","section":"Shading Mode"},"sceneLighting":false,"audioPlay":false,"sceneViewState":{"m_AlwaysRefresh":false,"showFog":true,"showSkybox":false,"showFlares":true,"showImageEffects":true,"showParticleSystems":true,"showVisualEffectGraphs":true,"m_FxEnabled":true},"in2DMode":false,"pivot":{"x":0.12066491693258286,"y":-0.04945908486843109,"z":0.19459722936153413},"rotation":{"x":-0.1793251782655716,"y":-0.014709663577377797,"z":0.0031737564131617548,"w":-0.983769953250885},"size":0.4533042013645172,"orthographic":false}