{"cameraMode":{"drawMode":0,"name":"Shaded","section":"Shading Mode"},"sceneLighting":false,"audioPlay":false,"sceneViewState":{"m_AlwaysRefresh":false,"showFog":true,"showSkybox":false,"showFlares":true,"showImageEffects":true,"showParticleSystems":true,"showVisualEffectGraphs":true,"m_FxEnabled":true},"in2DMode":false,"pivot":{"x":-22.231792449951173,"y":-146.55429077148438,"z":160.79908752441407},"rotation":{"x":0.6100606322288513,"y":-0.17047922313213349,"z":0.13653577864170075,"w":0.7616861462593079},"size":1.6604948043823243,"orthographic":false}