{"cameraMode":{"drawMode":0,"name":"Shaded","section":"Shading Mode"},"sceneLighting":true,"audioPlay":false,"sceneViewState":{"m_AlwaysRefresh":false,"showFog":true,"showSkybox":false,"showFlares":true,"showImageEffects":true,"showParticleSystems":true,"showVisualEffectGraphs":true,"m_FxEnabled":true},"in2DMode":false,"pivot":{"x":14.358192443847657,"y":-18.889787673950197,"z":6.296278476715088},"rotation":{"x":0.5298031568527222,"y":-0.003279167227447033,"z":0.0019802735187113287,"w":0.8482281565666199},"size":18.052085876464845,"orthographic":false}