{"cameraMode":{"drawMode":0,"name":"Shaded","section":"Shading Mode"},"sceneLighting":false,"audioPlay":false,"sceneViewState":{"m_AlwaysRefresh":false,"showFog":true,"showSkybox":false,"showFlares":true,"showImageEffects":true,"showParticleSystems":true,"showVisualEffectGraphs":true,"m_FxEnabled":true},"in2DMode":false,"pivot":{"x":0.137297123670578,"y":-0.09604402631521225,"z":-0.24853971600532533},"rotation":{"x":-0.21571765840053559,"y":0.059994589537382129,"z":-0.013074337504804135,"w":-0.9746180176734924},"size":0.38953396677970889,"orthographic":false}