{"cameraMode":{"drawMode":0,"name":"Shaded","section":"Shading Mode"},"sceneLighting":false,"audioPlay":false,"sceneViewState":{"m_AlwaysRefresh":false,"showFog":true,"showSkybox":false,"showFlares":true,"showImageEffects":true,"showParticleSystems":true,"showVisualEffectGraphs":true,"m_FxEnabled":true},"in2DMode":false,"pivot":{"x":-0.33952558040618899,"y":0.2691083550453186,"z":1.173049807548523},"rotation":{"x":-0.037448372691869739,"y":-0.9602391123771668,"z":0.15872639417648316,"w":-0.22674468159675599},"size":0.18371178209781648,"orthographic":false}