{"cameraMode":{"drawMode":0,"name":"Shaded","section":"Shading Mode"},"sceneLighting":false,"audioPlay":false,"sceneViewState":{"m_AlwaysRefresh":false,"showFog":true,"showSkybox":false,"showFlares":true,"showImageEffects":true,"showParticleSystems":true,"showVisualEffectGraphs":true,"m_FxEnabled":true},"in2DMode":false,"pivot":{"x":11.899999618530274,"y":0.5539891719818115,"z":-7.079999923706055},"rotation":{"x":-0.15865354239940644,"y":0.0014788078842684627,"z":0.00006077701618778519,"w":-0.9874276518821716},"size":0.8660253882408142,"orthographic":false}