{"cameraMode":{"drawMode":0,"name":"Shaded","section":"Shading Mode"},"sceneLighting":true,"audioPlay":false,"sceneViewState":{"m_AlwaysRefresh":false,"showFog":true,"showSkybox":true,"showFlares":true,"showImageEffects":true,"showParticleSystems":true,"showVisualEffectGraphs":true,"m_FxEnabled":true},"in2DMode":false,"pivot":{"x":15.376993179321289,"y":-0.05644035339355469,"z":0.10737228393554688},"rotation":{"x":-0.42400702834129336,"y":0.5269300937652588,"z":-0.34238260984420779,"w":-0.6523171663284302},"size":14.887734413146973,"orthographic":false}