{"cameraMode":{"drawMode":0,"name":"Shaded","section":"Shading Mode"},"sceneLighting":true,"audioPlay":false,"sceneViewState":{"m_AlwaysRefresh":false,"showFog":true,"showSkybox":true,"showFlares":true,"showImageEffects":true,"showParticleSystems":true,"showVisualEffectGraphs":true,"m_FxEnabled":true},"in2DMode":false,"pivot":{"x":896.5637817382813,"y":736.6845703125,"z":-198.0125732421875},"rotation":{"x":-0.15865354239940644,"y":0.0014788078842684627,"z":0.00006077701618778519,"w":-0.9874276518821716},"size":329.8918151855469,"orthographic":false}