{"cameraMode":{"drawMode":0,"name":"Shaded","section":"Shading Mode"},"sceneLighting":true,"audioPlay":false,"sceneViewState":{"m_AlwaysRefresh":false,"showFog":true,"showSkybox":true,"showFlares":true,"showImageEffects":true,"showParticleSystems":true,"showVisualEffectGraphs":true,"m_FxEnabled":true},"in2DMode":false,"pivot":{"x":14.300761222839356,"y":-0.32401084899902346,"z":0.7109012603759766},"rotation":{"x":-0.30712395906448367,"y":-0.6645544767379761,"z":0.34880462288856509,"w":-0.5852537155151367},"size":9.75922679901123,"orthographic":false}