{"cameraMode":{"drawMode":0,"name":"Shaded","section":"Shading Mode"},"sceneLighting":true,"audioPlay":false,"sceneViewState":{"m_AlwaysRefresh":false,"showFog":true,"showSkybox":true,"showFlares":true,"showImageEffects":true,"showParticleSystems":true,"showVisualEffectGraphs":true,"m_FxEnabled":true},"in2DMode":false,"pivot":{"x":467.58135986328127,"y":-1126.914794921875,"z":1633.9305419921875},"rotation":{"x":-0.28587281703948977,"y":-0.13258330523967744,"z":0.03998046740889549,"w":-0.9482481479644775},"size":1036.824462890625,"orthographic":false}